Time,Human Count
3,0
6,0
9,0
12,0
15,0
18,0
21,0
24,0
27,0
30,0
33,0
36,0
39,0
42,0
45,0
48,0
51,0
54,0
57,0
60,0
63,0
66,0
69,0
72,0
75,0
78,0
81,0
84,0
87,0
90,0
93,0
96,0
99,0
102,0
105,0
108,0
111,0
114,0
117,0
120,0
123,0
126,0
129,0
132,0
135,0
138,0
141,0
144,0
147,0
150,0
153,0
156,0
159,0
162,0
165,0
168,0
171,0
174,0
177,0
180,0
183,0
186,0
189,0
192,0
195,0
198,0
201,0
204,0
207,0
210,0
213,0
216,0
219,0
222,0
225,0
228,0
231,0
234,0
237,0
240,0
243,0
246,0
249,0
252,0
255,0
258,0
261,0
264,0
267,0
270,0
273,0
276,0
279,0
282,0
285,0
288,0
291,0
294,0
297,0
300,0
303,0
306,0
309,0
312,0
315,0
318,0
321,0
324,0
327,0
330,0
333,0
336,0
339,0
342,0
345,0
348,0
351,0
354,0
357,0
360,0
363,0
366,0
369,0
372,0
375,0
378,0
381,0
384,0
387,0
390,0
393,0
396,0
399,0
402,0
405,0
408,0
411,0
414,0
417,0
420,0
423,0
426,0
429,0
432,0
435,0
438,0
441,0
444,0
447,0
450,0
453,0
456,1
459,1
462,1
465,1
468,1
471,1
474,1
477,1
480,1
483,1
486,1
489,1
492,1
495,1
498,1
501,1
504,1
507,1
510,1
513,1
516,1
519,1
522,1
525,1
528,1
531,1
534,1
537,1
540,1
543,1
546,1
549,1
552,1
555,1
558,1
561,1
564,1
567,1
570,1
573,1
576,1
579,1
582,1
585,1
588,1
591,1
594,1
597,1
600,1
603,1
606,1
609,1
612,1
615,1
618,1
621,1
624,1
627,1
630,1
633,1
636,1
639,1
642,1
645,1
648,1
651,1
654,1
657,1
660,1
663,1
666,1
669,1
672,1
675,1
678,1
681,1
684,1
687,1
690,1
693,1
696,1
699,1
702,1
705,1
708,1
711,1
714,1
717,1
720,1
723,1
726,1
729,1
732,1
735,1
738,1
741,1
744,1
747,1
750,1
753,1
756,1
759,1
762,1
765,1
768,1
771,1
774,1
777,1
780,1
783,1
786,1
789,1
792,1
795,1
798,1
801,1
804,1
807,1
810,1
813,1
816,1
819,1
822,1
825,1
828,1
831,1
834,1
837,1
840,1
843,1
846,1
849,1
852,1
855,1
858,1
861,1
864,1
867,1
870,1
873,1
876,1
879,1
882,1
885,1
888,1
891,1
894,1
897,1
900,1
903,1
906,1
909,1
912,1
915,1
918,1
921,1
924,1
927,1
930,1
933,1
936,1
939,1
942,1
945,1
948,1
951,1
954,1
957,1
960,1
963,1
966,1
969,1
972,1
975,1
978,1
981,1
984,1
987,1
990,1
993,1
996,1
999,1
1002,1
1005,1
1008,1
1011,1
1014,1
1017,1
1020,1
1023,1
1026,1
1029,1
1032,1
1035,1
1038,1
1041,1
1044,1
1047,1
1050,1
1053,1
1056,1
1059,1
1062,1
1065,1
1068,1
1071,1
1074,1
1077,1
1080,1
1083,1
1086,1
1089,1
1092,1
1095,1
1098,1
1101,1
1104,1
1107,1
1110,1
1113,1
1116,1
1119,1
1122,1
1125,1
1128,1
1131,1
1134,1
1137,1
1140,1
1143,1
1146,1
1149,1
1152,1
1155,1
1158,1
1161,1
1164,1
1167,1
1170,1
1173,1
1176,1
1179,1
1182,1
1185,1
1188,1
1191,1
1194,1
1197,1
1200,1
1203,1
1206,1
1209,1
1212,1
1215,1
1218,1
1221,1
1224,1
1227,1
1230,1
1233,1
1236,1
1239,1
1242,1
1245,1
1248,1
1251,1
1254,1
1257,1
1260,1
1263,1
1266,1
1269,1
1272,1
1275,1
1278,1
1281,1
1284,1
1287,1
1290,1
1293,1
1296,1
1299,1
1302,1
1305,1
1308,1
1311,1
1314,1
1317,1
1320,1
1323,1
1326,1
1329,1
1332,1
1335,1
1338,1
1341,1
1344,1
1347,1
1350,1
1353,1
1356,1
1359,1
1362,1
1365,1
1368,1
1371,1
1374,1
1377,1
1380,1
1383,1
1386,1
1389,1
1392,1
1395,1
1398,1
1401,1
1404,1
1407,1
1410,1
1413,1
1416,1
1419,1
1422,1
1425,1
1428,1
1431,1
1434,1
1437,1
1440,1
1443,1
1446,1
1449,1
1452,1
1455,1
1458,1
1461,1
1464,1
1467,1
1470,1
1473,1
1476,1
1479,1
1482,1
1485,1
1488,1
1491,1
1494,1
1497,1
1500,1
1503,1
1506,1
1509,1
1512,1
1515,1
1518,1
1521,1
1524,1
1527,1
1530,1
1533,1
1536,1
1539,1
1542,1
1545,1
1548,1
1551,1
1554,1
1557,1
1560,1
1563,1
1566,1
1569,1
1572,1
1575,1
1578,1
1581,1
1584,1
1587,1
1590,1
1593,1
1596,1
1599,1
1602,1
1605,1
1608,1
1611,1
1614,1
1617,1
1620,1
1623,1
1626,1
1629,1
1632,1
1635,1
1638,1
1641,1
1644,1
1647,1
1650,1
1653,1
1656,1
1659,1
1662,1
1665,1
1668,1
1671,1
1674,1
1677,1
1680,1
1683,1
1686,1
1689,1
1692,1
1695,1
1698,1
1701,1
1704,2
1707,2
1710,2
1713,2
1716,2
1719,2
1722,2
1725,2
1728,2
1731,2
1734,2
1737,2
1740,2
1743,2
1746,2
1749,2
1752,2
1755,2
1758,2
1761,2
1764,2
1767,2
1770,2
1773,2
1776,2
1779,2
1782,2
1785,2
1788,2
1791,2
1794,2
1797,2
1800,2
1803,2
1806,2
1809,2
1812,2
1815,2
1818,2
1821,2
1824,2
1827,2
1830,2
1833,2
1836,2
1839,2
1842,2
1845,2
1848,2
1851,2
1854,2
1857,2
1860,2
1863,2
1866,2
1869,2
1872,2
1875,2
1878,2
1881,2
1884,2
1887,2
1890,2
1893,2
1896,2
1899,2
1902,2
1905,2
1908,2
1911,2
1914,2
1917,2
1920,2
1923,2
1926,2
1929,2
1932,2
1935,2
1938,2
1941,2
1944,2
1947,3
1950,3
1953,3
1956,3
1959,3
1962,3
1965,3
1968,3
1971,3
1974,3
1977,3
1980,3
1983,3
1986,3
1989,3
1992,3
1995,3
1998,3
2001,3
2004,3
2007,3
2010,4
2013,4
2016,4
2019,4
2022,4
2025,4
2028,4
2031,4
2034,4
2037,4
2040,4
2043,4
2046,4
2049,4
2052,4
2055,4
2058,4
2061,4
2064,4
2067,4
2070,4
2073,4
2076,4
2079,4
2082,4
2085,4
2088,4
2091,4
2094,4
2097,4
2100,4
2103,4
2106,4
2109,4
2112,4
2115,4
2118,4
2121,4
2124,4
2127,4
2130,4
2133,4
2136,4
2139,4
2142,4
2145,4
2148,4
2151,4
2154,4
2157,4
2160,4
2163,4
2166,4
2169,4
2172,4
2175,4
2178,4
2181,4
2184,4
2187,4
2190,4
2193,4
2196,4
2199,4
2202,4
2205,4
2208,4
2211,4
2214,4
2217,4
2220,4
2223,4
2226,4
2229,4
2232,4
2235,4
2238,4
2241,4
2244,4
2247,4
2250,4
2253,4
2256,4
2259,4
2262,4
2265,4
2268,4
2271,4
2274,4
2277,4
2280,4
2283,4
2286,4
2289,4
2292,4
2295,4
2298,4
2301,4
2304,4
2307,4
2310,4
2313,4
2316,4
2319,4
2322,4
2325,4
2328,4
2331,4
2334,4
2337,4
2340,4
2343,4
2346,4
2349,4
2352,4
2355,4
2358,4
2361,4
2364,4
2367,4
2370,4
2373,4
2376,4
2379,4
2382,4
2385,4
2388,4
2391,4
2394,4
2397,4
2400,4
2403,4
2406,4
2409,4
2412,4
2415,4
2418,4
2421,4
2424,4
2427,4
2430,4
2433,4
2436,4
2439,4
2442,4
2445,4
2448,4
2451,4
2454,4
2457,4
2460,4
2463,4
2466,4
2469,4
2472,4
2475,4
2478,4
2481,4
2484,4
2487,4
2490,4
2493,4
2496,4
2499,4
2502,4
2505,3
2508,3
2511,3
2514,3
2517,3
2520,3
2523,3
2526,3
2529,3
2532,3
2535,3
2538,3
2541,3
2544,3
2547,3
2550,3
2553,3
2556,3
2559,3
2562,3
2565,3
2568,3
2571,3
2574,3
2577,3
2580,3
2583,3
2586,3
2589,3
2592,3
2595,3
2598,3
2601,3
2604,3
2607,3
2610,3
2613,3
2616,3
2619,3
2622,3
2625,3
2628,3
2631,3
2634,3
2637,3
2640,3
2643,3
2646,3
2649,3
2652,3
2655,3
2658,3
2661,3
2664,3
2667,3
2670,3
2673,3
2676,3
2679,3
2682,3
2685,3
2688,3
2691,3
2694,3
2697,3
2700,3
2703,3
2706,3
2709,3
2712,3
2715,3
2718,3
2721,3
2724,3
2727,3
2730,3
2733,3
2736,3
2739,3
2742,3
2745,3
2748,3
2751,3
2754,3
2757,3
2760,3
2763,4
2766,4
2769,4
2772,4
2775,4
2778,4
2781,4
2784,4
2787,4
2790,4
2793,4
2796,4
2799,5
2802,5
2805,5
2808,5
2811,5
2814,5
2817,5
2820,5
2823,5
2826,5
2829,5
2832,5
2835,5
2838,5
2841,5
2844,5
2847,5
2850,5
2853,5
2856,5
2859,5
2862,5
2865,5
2868,5
2871,5
2874,5
2877,5
2880,5
2883,5
2886,5
2889,5
2892,5
2895,5
2898,5
2901,5
2904,5
2907,5
2910,5
2913,5
2916,5
2919,5
2922,5
2925,5
2928,5
2931,5
2934,5
2937,5
2940,5
2943,5
2946,5
2949,5
2952,5
2955,5
2958,5
2961,5
2964,5
2967,5
2970,5
2973,5
2976,5
2979,5
2982,5
2985,5
2988,5
2991,5
2994,5
2997,5
3000,5
3003,5
3006,5
3009,5
3012,5
3015,5
3018,5
3021,5
3024,5
3027,5
3030,5
3033,5
3036,5
3039,5
3042,5
3045,5
3048,5
3051,5
3054,5
3057,5
3060,5
3063,5
3066,5
3069,5
3072,5
3075,5
3078,5
3081,5
3084,5
3087,5
3090,5
3093,5
3096,5
3099,5
3102,5
3105,5
3108,5
3111,5
3114,5
3117,5
3120,5
3123,5
3126,5
3129,5
3132,5
3135,5
3138,5
3141,5
3144,5
3147,5
3150,5
3153,5
3156,5
3159,5
3162,5
3165,5
3168,5
3171,5
3174,5
3177,5
3180,5
3183,5
3186,6
3189,6
3192,6
3195,6
3198,6
3201,6
3204,6
3207,6
3210,6
3213,6
3216,6
3219,6
3222,6
3225,6
3228,6
3231,6
3234,6
3237,6
3240,6
3243,6
3246,6
3249,6
3252,6
3255,6
3258,6
3261,6
3264,6
3267,6
3270,6
3273,6
3276,6
3279,6
3282,6
3285,6
3288,6
3291,6
3294,6
3297,6
3300,5
3303,5
3306,5
3309,5
3312,5
3315,5
3318,5
3321,5
3324,5
3327,5
3330,5
3333,5
3336,5
3339,5
3342,5
3345,5
3348,5
3351,5
3354,5
3357,5
3360,5
3363,5
3366,5
3369,5
3372,5
3375,5
3378,5
3381,5
3384,5
3387,5
3390,5
3393,5
3396,5
3399,5
3402,5
3405,5
3408,5
3411,5
3414,4
3417,4
3420,4
3423,4
3426,4
3429,4
3432,4
3435,4
3438,4
3441,4
3444,4
3447,4
3450,4
3453,4
3456,4
3459,4
3462,4
3465,4
3468,4
3471,4
3474,4
3477,4
3480,4
3483,4
3486,4
3489,4
3492,4
3495,4
3498,4
3501,4
3504,3
3507,3
3510,3
3513,3
3516,3
3519,3
3522,3
3525,3
3528,3
3531,2
3534,2
3537,2
3540,2
3543,2
3546,2
3549,2
3552,2
3555,2
3558,2
3561,2
3564,2
3567,2
3570,2
3573,2
3576,2
3579,2
3582,2
3585,2
3588,2
3591,2
3594,2
3597,2
3600,2
3603,2
3606,2
3609,2
3612,2
3615,2
3618,2
3621,2
3624,2
3627,2
3630,2
3633,2
3636,2
3639,2
3642,2
3645,2
3648,2
3651,2
3654,2
3657,2
3660,2
3663,2
3666,2
3669,2
3672,2
3675,2
3678,2
3681,2
3684,2
3687,2
3690,2
3693,2
3696,2
3699,2
3702,2
3705,2
3708,2
3711,2
3714,2
3717,2
3720,2
3723,2
3726,2
3729,2
3732,2
3735,2
3738,2
3741,2
3744,2
3747,2
3750,2
3753,2
3756,2
3759,2
3762,2
3765,2
3768,2
3771,2
3774,2
3777,2
3780,2
3783,2
3786,2
3789,2
3792,2
3795,2
3798,2
3801,2
3804,2
3807,2
3810,2
3813,2
3816,2
3819,2
3822,2
3825,2
3828,2
3831,2
3834,2
3837,2
3840,2
3843,2
3846,2
3849,2
3852,2
3855,2
3858,2
3861,2
3864,2
3867,2
3870,2
3873,2
3876,2
3879,2
3882,2
3885,2
3888,2
3891,2
3894,2
3897,2
3900,2
3903,2
3906,1
3909,1
3912,1
3915,1
3918,1
3921,1
3924,1
3927,1
3930,1
3933,1
3936,1
3939,1
3942,1
3945,1
3948,1
3951,1
3954,1
3957,1
3960,1
3963,1
3966,1
3969,1
3972,1
3975,1
3978,1
3981,1
3984,1
3987,1
3990,1
3993,1
3996,1
3999,1
4002,1
4005,1
4008,1
4011,1
4014,1
4017,1
4020,1
4023,1
4026,1
4029,1
4032,1
4035,1
4038,1
4041,1
4044,1
4047,1
4050,1
4053,1
4056,1
4059,1
4062,1
4065,1
4068,1
4071,1
4074,1
4077,1
4080,1
4083,1
4086,1
4089,1
4092,1
4095,1
4098,1
4101,1
4104,1
4107,1
4110,1
4113,1
4116,0
4119,0
4122,0
4125,0
4128,0
4131,0
4134,0
4137,0
4140,0
4143,0
4146,0
4149,0
4152,0
4155,0
4158,0
4161,0
4164,0
4167,0
4170,0
4173,0
4176,0
4179,0
4182,0
4185,0
4188,0
4191,0
4194,0
4197,0
4200,0
4203,0
4206,0
4209,0
4212,0
4215,0
4218,0
4221,0
4224,0
4227,0
4230,0
4233,0
4236,0
4239,0
4242,0
4245,0
4248,0
4251,0
4254,0
4257,0
4260,0
4263,0
4266,0
4269,0
4272,0
4275,0
4278,0
4281,0
4284,0
4287,0
4290,0
4293,0
4296,0
4299,0
4302,0
4305,0
4308,0
4311,0
4314,0
4317,0
4320,0
4323,0
4326,0
4329,0
4332,0
4335,0
4338,0
4341,0
4344,0
4347,0
4350,0
4353,0
4356,0
4359,0
4362,0
4365,0
4368,0
4371,0
4374,0
4377,0
4380,0
4383,0
4386,0
4389,0
4392,0
4395,0
4398,0
4401,0
4404,0
4407,0
4410,0
4413,0
4416,0
4419,0
4422,0
4425,0
4428,0
4431,0
4434,0
4437,0
4440,0
4443,0
4446,0
4449,0
4452,0
4455,0
4458,0
4461,0
4464,0
4467,0
4470,0
4473,0
4476,0
4479,0
4482,0
4485,0
4488,0
4491,0
4494,0
4497,0
4500,0
4503,0
4506,0
4509,0
4512,0
4515,0
4518,0
4521,0
4524,0
4527,0
4530,0
4533,0
4536,0
4539,0
4542,0
4545,0
4548,0
4551,0
4554,0
4557,0
4560,0
4563,0
4566,0
4569,0
4572,0
4575,0
4578,0
4581,0
4584,0
4587,0
4590,0
4593,0
4596,0
4599,0
4602,0
4605,0
4608,0
4611,0
4614,0
4617,0
4620,0
4623,0
4626,0
4629,0
4632,0
4635,0
4638,0
4641,0
4644,0
4647,0
4650,0
4653,0
4656,0
4659,0
4662,0
4665,0
4668,0
4671,0
4674,0
4677,0
4680,0
4683,0
4686,0
4689,0
4692,0
4695,0
4698,0
4701,0
4704,0
4707,0
4710,0
4713,0
4716,0
4719,0
4722,0
4725,0
4728,0
4731,0
4734,0
4737,0
4740,0
4743,0
4746,0
4749,0
4752,0
4755,0
4758,0
4761,0
4764,0
4767,0
4770,0
4773,0
4776,0
4779,0
4782,0
4785,0
4788,0
4791,0
4794,0
4797,0
4800,0
4803,0
4806,0
4809,0
4812,0
4815,0
4818,0
4821,0
4824,0
4827,0
4830,0
4833,0
4836,0
4839,0
4842,0
4845,0
4848,0
4851,0
4854,0
4857,0
4860,0
4863,0
4866,0
4869,0
4872,0
4875,0
4878,0
4881,0
4884,0
4887,0
4890,0
4893,0
4896,0
4899,0
4902,0
4905,0
4908,0
4911,0
4914,0
4917,0
4920,0
4923,0
4926,0
4929,0
4932,0
4935,0
4938,0
4941,0
4944,0
4947,0
4950,0
4953,0
4956,0
4959,0
4962,0
4965,0
4968,0
4971,0
4974,0
4977,0
4980,0
4983,0
4986,0
4989,0
4992,0
4995,0
4998,0
5001,0
5004,0
5007,0
5010,0
5013,-1
5016,-1
5019,-1
5022,-1
5025,-1
5028,-1
5031,-1
5034,-1
5037,-1
5040,-1
5043,-1
5046,-1
5049,-1
5052,-1
5055,-1
5058,-1
5061,-1
5064,-1
5067,-1
5070,-1
5073,-1
5076,-1
5079,-1
5082,-1
5085,-1
5088,-1
5091,-1
5094,-1
5097,-1
5100,-1
5103,-1
5106,-1
5109,-1
5112,-1
5115,-1
5118,-1
5121,-1
5124,-1
5127,-1
5130,0
5133,0
5136,0
5139,0
5142,0
5145,0
5148,0
5151,0
5154,0
5157,0
5160,0
5163,0
5166,0
5169,0
5172,0
5175,0
5178,0
5181,0
5184,0
5187,0
5190,0
5193,0
5196,0
5199,0
5202,0
5205,0
5208,0
5211,0
5214,0
5217,0
5220,0
5223,0
5226,0
5229,0
5232,0
5235,0
5238,0
5241,0
5244,0
5247,0
5250,0
5253,0
5256,1
5259,1
5262,1
5265,1
5268,1
5271,1
5274,1
5277,1
5280,1
5283,1
5286,1
5289,1
5292,1
5295,1
5298,1
5301,1
5304,1
5307,1
5310,1
5313,1
5316,1
5319,1
5322,1
5325,1
5328,1
5331,1
5334,1
5337,1
5340,1
5343,1
5346,1
5349,1
5352,1
5355,1
5358,1
5361,1
5364,1
5367,1
5370,1
5373,1
5376,1
5379,1
5382,1
5385,1
5388,1
5391,1
5394,1
5397,1
5400,1
5403,1
5406,1
5409,0
5412,0
5415,0
5418,0
5421,0
5424,0
5427,0
5430,0
5433,0
5436,0
5439,0
5442,0
5445,0
5448,0
5451,0
5454,0
5457,0
5460,0
5463,0
5466,0
5469,0
5472,0
5475,0
5478,0
5481,0
5484,0
5487,0
5490,0
5493,0
5496,0
5499,0
5502,0
5505,0
5508,0
5511,0
5514,0
5517,0
5520,0
5523,0
5526,0
5529,0
5532,0
5535,0
5538,0
5541,0
5544,0
5547,0
5550,0
5553,0
5556,0
5559,0
5562,0
5565,0
5568,0
5571,0
5574,0
5577,0
5580,0
5583,0
5586,0
5589,0
5592,0
5595,0
5598,0
5601,0
5604,0
5607,0
5610,0
5613,0
5616,0
5619,0
5622,0
5625,0
5628,0
5631,0
5634,0
5637,0
5640,0
5643,0
5646,0
5649,0
5652,0
5655,0
5658,0
5661,0
5664,0
5667,0
5670,0
5673,0
5676,0
5679,0
5682,0
5685,0
5688,0
5691,0
5694,0
5697,0
5700,0
5703,0
5706,0
5709,0
5712,0
5715,0
5718,0
5721,0
5724,0
5727,0
5730,0
5733,0
5736,0
5739,0
5742,0
5745,0
5748,0
5751,0
5754,0
5757,0
5760,0
5763,0
5766,0
5769,0
5772,0
5775,0
5778,0
5781,0
5784,0
5787,0
5790,0
5793,0
5796,0
5799,0
5802,0
5805,0
5808,0
5811,0
5814,0
5817,0
5820,0
5823,0
5826,0
5829,0
5832,0
5835,0
5838,0
5841,0
5844,0
5847,0
5850,0
5853,0
5856,0
5859,0
5862,0
5865,1
5868,1
5871,1
5874,1
5877,1
5880,1
5883,1
5886,1
5889,1
5892,1
5895,1
5898,1
5901,1
5904,1
5907,1
5910,1
5913,1
5916,1
5919,1
5922,1
5925,1
5928,1
5931,1
5934,1
5937,1
5940,1
5943,1
5946,1
5949,1
5952,1
5955,1
5958,1
5961,1
5964,1
5967,1
5970,1
5973,1
5976,1
5979,1
5982,1
5985,1
5988,1
5991,1
5994,1
5997,1
6000,1
6003,1
6006,1
6009,1
6012,1
6015,1
6018,1
6021,1
6024,1
6027,1
6030,1
6033,1
6036,1
6039,1
6042,1
6045,1
6048,1
6051,1
6054,1
6057,1
6060,1
6063,1
6066,1
6069,1
6072,1
6075,1
6078,1
6081,1
6084,1
6087,1
6090,1
6093,1
6096,1
6099,1
6102,1
6105,1
6108,1
6111,1
6114,1
6117,1
6120,1
6123,1
6126,1
6129,1
6132,1
6135,1
6138,1
6141,1
6144,1
6147,1
6150,1
6153,1
6156,1
6159,1
6162,1
6165,1
6168,1
6171,1
6174,1
6177,1
6180,1
6183,1
6186,1
6189,1
6192,1
6195,1
6198,1
6201,1
6204,1
6207,1
6210,1
6213,1
6216,1
6219,1
6222,1
6225,1
6228,1
6231,1
6234,1
6237,1
6240,1
6243,1
6246,1
6249,1
6252,1
6255,1
6258,1
6261,1
6264,1
6267,1
6270,1
6273,1
6276,1
6279,1
6282,1
6285,1
6288,1
6291,1
6294,1
6297,1
6300,1
6303,1
6306,1
6309,1
6312,1
6315,1
6318,1
6321,1
6324,1
6327,1
6330,1
6333,1
6336,1
6339,1
6342,1
6345,1
6348,1
6351,1
6354,1
6357,1
6360,1
6363,1
6366,1
6369,1
6372,1
6375,1
6378,1
6381,1
6384,1
6387,1
6390,1
6393,1
6396,1
6399,1
6402,1
6405,1
6408,1
6411,1
6414,1
6417,1
6420,1
6423,1
6426,1
6429,1
6432,1
6435,1
6438,1
6441,1
6444,1
6447,1
6450,1
6453,1
6456,1
6459,1
6462,1
6465,1
6468,1
6471,1
6474,1
6477,1
6480,1
6483,1
6486,1
6489,1
6492,1
6495,1
6498,1
6501,1
6504,1
6507,1
6510,1
6513,1
6516,1
6519,1
6522,1
6525,1
6528,1
6531,1
6534,1
6537,1
6540,1
6543,1
6546,1
6549,1
6552,1
6555,1
6558,1
6561,1
6564,1
6567,1
6570,1
6573,1
6576,1
6579,1
6582,1
6585,1
6588,1
6591,1
6594,1
6597,1
6600,1
6603,1
6606,1
6609,1
6612,1
6615,1
6618,1
6621,1
6624,1
6627,1
6630,1
6633,1
6636,1
6639,1
6642,1
6645,1
6648,1
6651,1
6654,1
6657,1
6660,1
6663,1
6666,1
6669,1
6672,1
6675,1
6678,1
6681,1
6684,1
6687,1
6690,1
6693,1
6696,1
6699,1
6702,1
6705,1
6708,1
6711,1
6714,1
6717,1
6720,1
6723,1
6726,1
6729,1
6732,1
6735,1
6738,1
6741,1
6744,1
6747,1
6750,1
6753,1
6756,1
6759,1
6762,1
6765,1
6768,1
6771,1
6774,1
6777,1
6780,1
6783,1
6786,1
6789,1
6792,1
6795,1
6798,1
6801,1
6804,1
6807,1
6810,1
6813,1
6816,1
6819,1
6822,1
6825,1
6828,1
6831,1
6834,1
6837,1
6840,1
6843,1
6846,1
6849,1
6852,1
6855,1
6858,1
6861,1
6864,1
6867,1
6870,1
6873,1
6876,1
6879,1
6882,1
6885,1
6888,1
6891,1
6894,1
6897,1
6900,1
6903,1
6906,1
6909,1
6912,1
6915,1
6918,1
6921,1
6924,1
6927,1
6930,1
6933,1
6936,1
6939,1
6942,1
6945,1
6948,1
6951,1
6954,1
6957,1
6960,1
6963,1
6966,1
6969,1
6972,1
6975,1
6978,1
6981,1
6984,1
6987,1
6990,1
6993,1
6996,1
6999,1
7002,1
7005,1
7008,1
7011,1
7014,1
7017,1
7020,1
7023,1
7026,1
7029,1
7032,1
7035,1
7038,1
7041,1
7044,1
7047,1
7050,1
7053,1
7056,1
7059,1
7062,1
7065,1
7068,1
7071,1
7074,1
7077,1
7080,1
7083,1
7086,1
7089,1
7092,1
7095,1
7098,1
7101,1
7104,1
7107,1
7110,1
7113,1
7116,1
7119,1
7122,1
7125,1
7128,1
7131,1
7134,1
7137,1
7140,1
7143,1
7146,1
7149,1
7152,1
7155,1
7158,1
7161,1
7164,1
7167,1
7170,1
7173,1
7176,1
7179,1
7182,1
7185,1
7188,1
7191,1
7194,1
7197,1
7200,1
7203,1
7206,1
7209,1
7212,1
7215,1
7218,1
7221,1
7224,1
7227,1
7230,1
7233,1
7236,1
7239,1
7242,1
7245,1
7248,1
7251,1
7254,1
7257,1
7260,1
7263,1
7266,1
7269,1
7272,1
7275,1
7278,1
7281,1
7284,1
7287,1
7290,1
7293,1
7296,1
7299,1
7302,1
7305,1
7308,1
7311,1
7314,1
7317,1
7320,1
7323,1
7326,1
7329,1
7332,1
7335,1
7338,1
7341,1
7344,1
7347,1
7350,1
7353,1
7356,1
7359,1
7362,1
7365,1
7368,1
7371,1
7374,1
7377,1
7380,1
7383,1
7386,1
7389,1
7392,1
7395,1
7398,1
7401,1
7404,1
7407,1
7410,1
7413,1
7416,1
7419,1
7422,1
7425,1
7428,1
7431,1
7434,1
7437,1
7440,1
7443,1
7446,1
7449,1
7452,1
7455,1
7458,1
7461,1
7464,1
7467,1
7470,1
7473,1
7476,1
7479,1
7482,0
7485,0
7488,0
7491,0
7494,0
7497,0
7500,0
7503,0
7506,0
7509,0
7512,0
7515,0
7518,0
7521,0
7524,0
7527,0
7530,0
7533,0
7536,0
7539,-1
7542,-1
7545,-1
7548,-1
7551,-1
7554,-1
7557,-1
7560,-1
7563,-1
7566,-1
7569,-1
7572,-1
7575,-1
7578,-1
7581,-1
7584,0
7587,0
7590,0
7593,0
7596,0
7599,0
7602,0
7605,0
7608,0
7611,0
7614,0
7617,0
7620,0
7623,0
7626,0
7629,0
7632,0
7635,0
7638,0
7641,0
7644,0
7647,0
7650,0
7653,0
7656,0
7659,0
7662,0
7665,0
7668,0
7671,0
7674,0
7677,0
7680,0
7683,0
7686,0
7689,0
7692,0
7695,0
7698,0
7701,0
7704,0
7707,0
7710,0
7713,0
7716,0
7719,0
7722,0
7725,0
7728,0
7731,0
7734,0
7737,0
7740,0
7743,0
7746,0
7749,0
7752,0
7755,0
7758,0
7761,0
7764,0
7767,0
7770,0
7773,0
7776,0
7779,0
7782,0
7785,0
7788,0
7791,0
7794,0
7797,0
7800,0
7803,0
7806,0
7809,0
7812,0
7815,0
7818,0
7821,0
7824,0
7827,0
7830,0
7833,0
7836,0
7839,0
7842,0
7845,0
7848,0
7851,0
7854,0
7857,0
7860,0
7863,0
7866,0
7869,0
7872,0
7875,0
7878,0
7881,0
7884,0
7887,0
7890,0
7893,0
7896,0
7899,0
7902,0
7905,0
7908,0
7911,0
7914,0
7917,0
7920,0
7923,0
7926,0
7929,0
7932,0
7935,0
7938,0
7941,0
7944,0
7947,0
7950,0
7953,0
7956,0
7959,0
7962,0
7965,0
7968,0
7971,0
7974,0
7977,0
7980,0
7983,0
7986,0
7989,0
7992,0
7995,0
7998,0
8001,0
8004,0
8007,0
8010,0
8013,0
8016,0
8019,0
8022,0
8025,0
8028,0
8031,0
8034,0
8037,0
8040,0
8043,0
8046,0
8049,0
8052,0
8055,0
8058,0
8061,0
8064,0
8067,0
8070,0
8073,0
8076,0
8079,0
8082,0
8085,0
8088,0
8091,0
8094,0
8097,0
8100,0
8103,0
8106,0
8109,0
8112,1
8115,1
8118,1
8121,1
8124,1
8127,1
8130,1
8133,1
8136,1
8139,1
8142,1
8145,1
8148,1
8151,1
8154,1
8157,1
8160,1
8163,1
8166,1
8169,1
8172,1
8175,1
8178,1
8181,1
8184,1
8187,1
8190,1
8193,1
8196,1
8199,1
8202,1
8205,1
8208,1
8211,1
8214,1
8217,1
8220,1
8223,1
8226,1
8229,1
8232,1
8235,1
8238,1
8241,1
8244,1
8247,1
8250,1
8253,1
8256,1
8259,1
8262,1
8265,1
8268,1
8271,1
8274,1
8277,1
8280,1
8283,1
8286,1
8289,1
8292,1
8295,1
8298,1
8301,1
8304,1
8307,1
8310,1
8313,1
8316,1
8319,1
8322,2
8325,2
8328,2
8331,2
8334,2
8337,2
8340,2
8343,2
8346,2
8349,1
8352,1
8355,1
8358,1
8361,1
8364,1
8367,1
8370,1
8373,1
8376,1
8379,0
8382,0
8385,0
8388,0
8391,0
8394,0
8397,0
8400,0
8403,0
8406,0
8409,0
8412,0
8415,0
8418,0
8421,0
8424,0
8427,0
8430,0
8433,0
8436,0
8439,0
8442,0
8445,0
8448,0
8451,0
8454,0
8457,0
8460,0
8463,0
8466,0
8469,0
8472,0
8475,0
8478,0
8481,0
8484,0
8487,0
8490,0
8493,0
8496,0
8499,0
8502,1
8505,1
8508,1
8511,1
8514,1
8517,1
8520,1
8523,1
8526,1
8529,1
8532,2
8535,2
8538,2
8541,2
8544,2
8547,2
8550,2
8553,2
8556,2
8559,2
8562,2
8565,2
8568,2
8571,3
8574,3
8577,3
8580,3
8583,3
8586,3
8589,3
8592,3
8595,3
8598,3
8601,3
8604,3
8607,3
8610,3
8613,3
8616,3
8619,3
8622,3
8625,3
8628,3
8631,3
8634,3
8637,3
8640,3
8643,3
8646,3
8649,3
8652,3
8655,3
8658,3
8661,3
8664,3
8667,3
8670,3
8673,3
8676,3
8679,3
8682,3
8685,3
8688,3
8691,3
8694,3
8697,3
8700,3
8703,3
8706,3
8709,3
8712,3
8715,3
8718,3
8721,3
8724,3
8727,3
8730,3
8733,3
8736,3
8739,3
8742,3
8745,3
8748,3
8751,3
8754,3
8757,3
8760,3
8763,3
8766,3
8769,3
8772,3
8775,3
8778,3
8781,3
8784,3
8787,3
8790,3
8793,3
8796,3
8799,3
8802,3
8805,3
8808,3
8811,3
8814,3
8817,3
8820,3
8823,3
8826,3
8829,3
8832,3
8835,3
8838,3
8841,3
8844,3
8847,3
8850,3
8853,3
8856,3
8859,3
8862,3
8865,3
8868,3
8871,3
8874,3
8877,3
8880,3
8883,3
8886,3
8889,3
8892,3
8895,3
8898,3
8901,3
8904,3
8907,3
8910,3
8913,3
8916,3
8919,3
8922,3
8925,3
8928,3
8931,3
8934,3
8937,4
8940,4
8943,4
8946,4
8949,3
8952,3
8955,3
8958,3
8961,2
8964,2
8967,2
8970,2
8973,2
8976,2
8979,2
8982,2
8985,2
8988,2
8991,2
8994,2
8997,2
9000,2
9003,2
9006,2
9009,2
9012,2
9015,2
9018,2
9021,2
9024,2
9027,2
9030,2
9033,2
9036,2
9039,2
9042,2
9045,2
9048,2
9051,2
9054,2
9057,2
9060,2
9063,2
9066,2
9069,2
9072,2
9075,2
9078,2
9081,2
9084,2
9087,2
9090,2
9093,2
9096,2
9099,2
9102,2
9105,2
9108,2
9111,2
9114,2
9117,2
9120,2
9123,2
9126,2
9129,2
9132,2
9135,2
9138,2
9141,2
9144,2
9147,2
9150,2
9153,2
9156,2
9159,2
9162,2
9165,2
9168,2
9171,2
9174,2
9177,2
9180,2
9183,2
9186,2
9189,2
9192,2
9195,2
9198,2
9201,2
9204,2
9207,2
9210,2
9213,2
9216,2
9219,2
9222,2
9225,2
9228,2
9231,2
9234,2
9237,2
9240,2
9243,2
9246,2
9249,2
9252,2
9255,2
9258,2
9261,2
9264,2
9267,2
9270,2
9273,2
9276,2
9279,2
9282,2
9285,2
9288,2
9291,2
9294,2
9297,2
9300,2
9303,2
9306,2
9309,2
9312,2
9315,2
9318,2
9321,2
9324,2
9327,2
9330,2
9333,2
9336,2
9339,2
9342,2
9345,2
9348,2
9351,2
9354,2
9357,2
9360,2
9363,2
9366,2
9369,2
9372,2
9375,2
9378,1
9381,1
9384,1
9387,1
9390,1
9393,1
9396,1
9399,1
9402,1
9405,1
9408,1
9411,1
9414,1
9417,1
9420,1
9423,1
9426,1
9429,1
9432,1
9435,1
9438,2
9441,2
9444,2
9447,2
9450,2
9453,2
9456,2
9459,2
9462,2
9465,2
9468,2
9471,2
9474,2
9477,2
9480,2
9483,2
9486,2
9489,2
9492,2
9495,2
9498,2
9501,2
9504,2
9507,2
9510,2
9513,2
9516,2
9519,2
9522,2
9525,2
9528,2
9531,2
9534,2
9537,2
9540,2
9543,2
9546,2
9549,2
9552,2
9555,2
9558,2
9561,2
9564,2
9567,2
9570,2
9573,2
9576,2
9579,2
9582,2
9585,2
9588,2
9591,2
9594,2
9597,2
9600,2
9603,2
9606,2
9609,2
9612,2
9615,2
9618,2
9621,2
9624,2
9627,2
9630,2
9633,2
9636,2
9639,2
9642,2
9645,2
9648,2
9651,2
9654,2
9657,2
9660,2
9663,2
9666,2
9669,2
9672,2
9675,2
9678,2
9681,2
9684,2
9687,2
9690,2
9693,2
9696,2
9699,2
9702,2
9705,2
9708,2
9711,2
9714,2
9717,2
9720,2
9723,2
9726,2
9729,2
9732,2
9735,2
9738,2
9741,2
9744,2
9747,2
9750,2
9753,2
9756,2
9759,2
9762,2
9765,2
9768,2
9771,2
9774,2
9777,2
9780,2
9783,2
9786,2
9789,2
9792,2
9795,2
9798,2
9801,2
9804,2
9807,2
9810,2
9813,2
9816,2
9819,2
9822,2
9825,2
9828,2
9831,2
9834,2
9837,2
9840,2
9843,2
9846,2
9849,2
9852,2
9855,2
9858,2
9861,2
9864,2
9867,2
9870,2
9873,2
9876,2
9879,2
9882,2
9885,2
9888,2
9891,2
9894,2
9897,2
9900,2
9903,2
9906,2
9909,2
9912,2
9915,2
9918,2
9921,2
9924,2
9927,2
9930,2
9933,2
9936,2
9939,2
9942,2
9945,2
9948,2
9951,2
9954,2
9957,2
9960,2
9963,2
9966,2
9969,2
9972,2
9975,2
9978,2
9981,2
9984,2
9987,2
9990,2
9993,2
9996,2
9999,2
10002,2
10005,2
10008,2
10011,2
10014,2
10017,2
10020,2
10023,2
10026,2
10029,2
10032,2
10035,2
10038,2
10041,2
10044,2
10047,2
10050,2
10053,2
10056,2
10059,2
10062,2
10065,2
10068,2
10071,2
10074,2
10077,2
10080,2
10083,2
10086,2
10089,2
10092,2
10095,2
10098,2
10101,2
10104,2
10107,2
10110,2
10113,2
10116,2
10119,2
10122,2
10125,2
10128,2
10131,2
10134,2
10137,2
10140,2
10143,2
10146,2
10149,2
10152,2
10155,2
10158,2
10161,2
10164,2
10167,2
10170,2
10173,2
10176,2
10179,2
10182,2
10185,2
10188,2
10191,2
10194,2
10197,2
10200,2
10203,2
10206,2
10209,2
10212,2
10215,2
10218,2
10221,2
10224,2
10227,2
10230,2
10233,2
10236,2
10239,2
10242,2
10245,2
10248,2
10251,2
10254,2
10257,2
10260,2
10263,2
10266,2
10269,2
10272,2
10275,2
10278,2
10281,2
10284,2
10287,2
10290,2
10293,2
10296,2
10299,2
10302,2
10305,2
10308,2
10311,2
10314,2
10317,2
10320,2
10323,2
10326,2
10329,2
10332,2
10335,2
10338,2
10341,2
10344,2
10347,2
10350,2
10353,2
10356,2
10359,2
10362,2
10365,2
10368,2
10371,2
10374,2
10377,2
10380,2
10383,2
10386,2
10389,2
10392,2
10395,2
10398,2
10401,2
10404,2
10407,2
10410,2
10413,2
10416,2
10419,2
10422,2
10425,2
10428,2
10431,2
10434,2
10437,2
10440,2
10443,2
10446,2
10449,2
10452,2
10455,2
10458,2
10461,2
10464,2
10467,2
10470,2
10473,2
10476,2
10479,2
10482,2
10485,2
10488,2
10491,2
10494,2
10497,2
10500,2
10503,2
10506,2
10509,2
10512,2
10515,2
10518,2
10521,2
10524,2
10527,3
10530,3
10533,3
10536,3
10539,3
10542,3
10545,3
10548,3
10551,3
10554,3
10557,3
10560,3
10563,3
10566,3
10569,3
10572,3
10575,3
10578,3
10581,3
10584,3
10587,3
10590,3
10593,3
10596,3
10599,3
10602,3
10605,3
10608,3
10611,3
10614,3
10617,3
10620,3
10623,3
10626,3
10629,3
10632,3
10635,3
10638,3
10641,3
10644,3
10647,3
10650,3
10653,3
10656,3
10659,3
10662,3
10665,3
10668,3
10671,3
10674,3
10677,3
10680,3
10683,3
10686,3
10689,3
10692,3
10695,3
10698,3
10701,3
10704,3
10707,3
10710,3
10713,3
10716,3
10719,3
10722,3
10725,3
10728,3
10731,3
10734,3
10737,3
10740,3
10743,3
10746,3
10749,3
10752,3
10755,3
10758,3
10761,3
10764,3
10767,3
10770,3
10773,3
10776,3
10779,3
10782,3
10785,3
10788,3
10791,3
10794,3
10797,3
10800,3
10803,3
10806,3
10809,3
10812,3
10815,3
10818,3
10821,3
10824,3
10827,3
10830,3
10833,3
10836,3
10839,3
10842,3
10845,3
10848,3
10851,3
10854,3
10857,3
10860,3
10863,3
10866,3
10869,3
10872,3
10875,3
10878,3
10881,3
10884,3
10887,3
10890,3
10893,3
10896,3
10899,3
10902,3
10905,3
10908,3
10911,3
10914,3
10917,3
10920,3
10923,3
10926,3
10929,3
10932,3
10935,3
10938,3
10941,3
10944,3
10947,3
10950,3
10953,3
10956,3
10959,3
10962,3
10965,3
10968,3
10971,3
10974,3
10977,3
10980,3
10983,3
10986,3
10989,3
10992,3
10995,3
10998,3
11001,3
11004,3
11007,3
11010,3
11013,3
11016,3
11019,3
11022,3
11025,3
11028,3
11031,3
11034,3
11037,3
11040,3
11043,3
11046,3
11049,3
11052,3
11055,3
11058,3
11061,3
11064,3
11067,3
11070,3
11073,3
11076,3
11079,3
11082,3
11085,3
11088,3
11091,3
11094,3
11097,3
11100,3
11103,3
11106,3
11109,3
11112,3
11115,3
11118,3
11121,3
11124,3
11127,3
11130,3
11133,3
11136,3
11139,3
11142,3
11145,3
11148,3
11151,3
11154,3
11157,3
11160,3
11163,3
11166,3
11169,3
11172,3
11175,3
11178,3
11181,3
11184,3
11187,3
11190,3
11193,3
11196,3
11199,3
11202,3
11205,3
11208,3
11211,3
11214,3
11217,3
11220,3
11223,3
11226,3
11229,3
11232,3
11235,3
11238,3
11241,3
11244,3
11247,3
11250,3
11253,3
11256,3
11259,3
11262,3
11265,3
11268,3
11271,3
11274,3
11277,3
11280,3
11283,3
11286,3
11289,3
11292,3
11295,3
11298,3
11301,3
11304,3
11307,3
11310,3
11313,3
11316,3
11319,3
11322,3
11325,3
11328,3
11331,3
11334,3
11337,3
11340,3
11343,3
11346,3
11349,3
11352,3
11355,3
11358,3
11361,3
11364,3
11367,3
11370,3
11373,3
11376,3
11379,3
11382,3
11385,3
11388,3
11391,3
11394,3
11397,3
11400,3
11403,3
11406,3
11409,3
11412,3
11415,3
11418,3
11421,3
11424,3
11427,3
11430,3
11433,3
11436,3
11439,3
11442,3
11445,3
11448,3
11451,3
11454,3
11457,3
11460,3
11463,3
11466,3
11469,3
11472,3
11475,3
11478,3
11481,3
11484,3
11487,3
11490,3
11493,3
11496,3
11499,3
11502,3
11505,3
11508,3
11511,3
11514,3
11517,3
11520,3
11523,3
11526,3
11529,3
11532,3
11535,3
11538,3
11541,3
11544,3
11547,3
11550,3
11553,3
11556,3
11559,3
11562,3
11565,3
11568,3
11571,3
11574,3
11577,3
11580,3
11583,3
11586,3
11589,4
11592,4
11595,4
11598,4
11601,4
11604,4
11607,4
11610,4
11613,4
11616,4
11619,4
11622,4
11625,4
11628,4
11631,4
11634,4
11637,4
11640,4
11643,4
11646,4
11649,4
11652,4
11655,4
11658,4
11661,4
11664,4
11667,4
11670,4
11673,4
11676,4
11679,4
11682,4
11685,4
11688,4
11691,4
11694,4
11697,4
11700,4
11703,4
11706,4
11709,4
11712,4
11715,4
11718,4
11721,4
11724,4
11727,4
11730,4
11733,4
11736,4
11739,4
11742,4
11745,4
11748,4
11751,4
11754,4
11757,4
11760,4
11763,4
11766,4
11769,4
11772,4
11775,4
11778,4
11781,4
11784,4
11787,4
11790,4
11793,4
11796,4
11799,4
11802,4
11805,4
11808,4
11811,4
11814,4
11817,4
11820,4
11823,4
11826,4
11829,4
11832,4
11835,4
11838,4
11841,4
11844,4
11847,4
11850,4
11853,4
11856,4
11859,4
11862,4
11865,4
11868,4
11871,4
11874,4
11877,4
11880,4
11883,4
11886,4
11889,4
11892,4
11895,4
11898,4
11901,4
11904,4
11907,4
11910,4
11913,4
11916,4
11919,4
11922,4
11925,4
11928,4
11931,4
11934,4
11937,4
11940,4
11943,4
11946,4
11949,4
11952,4
11955,4
11958,4
11961,4
11964,4
11967,4
11970,4
11973,4
11976,4
11979,4
11982,4
11985,4
11988,4
11991,4
11994,4
11997,5
12000,5
12003,5
12006,5
12009,5
12012,5
12015,5
12018,5
12021,5
12024,5
12027,4
12030,4
12033,4
12036,4
12039,4
12042,4
12045,4
12048,4
12051,4
12054,4
12057,4
12060,4
12063,4
12066,4
12069,4
12072,4
12075,4
12078,4
12081,4
12084,4
12087,4
12090,4
12093,4
12096,4
12099,4
12102,4
12105,4
12108,4
12111,4
12114,4
12117,4
12120,4
12123,5
12126,5
12129,5
12132,5
12135,5
12138,5
12141,5
12144,5
12147,5
12150,5
12153,5
12156,5
12159,5
12162,5
12165,5
12168,5
12171,5
12174,5
12177,5
12180,5
12183,5
12186,5
12189,5
12192,5
12195,5
12198,5
12201,5
12204,5
12207,5
12210,4
12213,4
12216,4
12219,4
12222,4
12225,4
12228,4
12231,4
12234,4
12237,4
12240,4
12243,4
12246,4
12249,4
12252,4
12255,4
12258,4
12261,4
12264,4
12267,4
12270,4
12273,4
12276,4
12279,4
12282,4
12285,4
12288,4
12291,4
12294,4
12297,4
12300,4
12303,4
12306,4
12309,4
12312,4
12315,4
12318,4
12321,4
12324,4
12327,4
12330,4
12333,4
12336,4
12339,4
12342,4
12345,4
12348,4
12351,4
12354,4
12357,4
12360,4
12363,4
12366,4
12369,4
12372,4
12375,4
12378,4
12381,4
12384,4
12387,4
12390,4
12393,4
12396,4
12399,4
12402,4
12405,4
12408,4
12411,4
12414,4
12417,4
12420,5
12423,5
12426,5
12429,5
12432,5
12435,5
12438,5
12441,5
12444,5
12447,5
12450,5
12453,5
12456,5
12459,5
12462,5
12465,5
12468,5
12471,5
12474,5
12477,5
12480,5
12483,5
12486,5
12489,5
12492,5
12495,5
12498,5
12501,5
12504,5
12507,5
12510,5
12513,5
12516,5
12519,5
12522,5
12525,5
12528,5
12531,5
12534,5
12537,5
12540,5
12543,5
12546,5
12549,5
12552,5
12555,5
12558,5
12561,5
12564,5
12567,5
12570,5
12573,5
12576,5
12579,5
12582,5
12585,5
12588,5
12591,5
12594,5
12597,5
12600,5
12603,5
12606,5
12609,5
12612,5
12615,5
12618,5
12621,5
12624,5
12627,5
12630,5
12633,5
12636,5
12639,5
12642,5
12645,5
12648,5
12651,5
12654,5
12657,5
12660,5
12663,5
12666,5
12669,5
12672,5
12675,5
12678,5
12681,5
12684,5
12687,5
12690,5
12693,5
12696,5
12699,5
12702,5
12705,5
12708,5
12711,5
12714,5
12717,5
12720,5
12723,5
12726,5
12729,5
12732,5
12735,5
12738,5
12741,5
12744,5
12747,5
12750,5
12753,5
12756,5
12759,5
12762,5
12765,5
12768,5
12771,5
12774,5
12777,5
12780,5
12783,5
12786,5
12789,5
12792,5
12795,5
12798,5
12801,5
12804,5
12807,5
12810,5
12813,5
12816,5
12819,5
12822,5
12825,5
12828,5
12831,5
12834,5
12837,5
12840,5
12843,5
12846,5
12849,5
12852,5
12855,5
12858,5
12861,5
12864,5
12867,5
12870,5
12873,5
12876,5
12879,5
12882,5
12885,5
12888,5
12891,5
12894,5
12897,5
12900,5
12903,5
12906,5
12909,5
12912,5
12915,5
12918,5
12921,5
12924,5
12927,5
12930,5
12933,5
12936,5
12939,5
12942,5
12945,5
12948,5
12951,5
12954,5
12957,5
12960,5
12963,5
12966,5
12969,5
12972,5
12975,5
12978,5
12981,5
12984,5
12987,5
12990,5
12993,5
12996,5
12999,5
13002,5
13005,5
13008,5
13011,5
13014,5
13017,5
13020,5
13023,5
13026,5
13029,5
13032,5
13035,5
13038,5
13041,5
13044,5
13047,5
13050,5
13053,5
13056,5
13059,5
13062,5
13065,5
13068,5
13071,5
13074,5
13077,5
13080,5
13083,5
13086,5
13089,5
13092,5
13095,5
13098,5
13101,5
13104,5
13107,5
13110,5
13113,5
13116,5
13119,5
13122,5
13125,5
13128,5
13131,5
13134,5
13137,5
13140,5
13143,5
13146,5
13149,5
13152,5
13155,5
13158,5
13161,5
13164,5
13167,5
13170,5
13173,5
13176,5
13179,5
13182,5
13185,5
13188,5
13191,5
13194,5
13197,6
13200,6
13203,6
13206,6
13209,6
13212,6
13215,6
13218,6
13221,6
13224,6
13227,6
13230,6
13233,6
13236,6
13239,6
13242,6
13245,6
13248,6
13251,6
13254,6
13257,6
13260,6
13263,6
13266,6
13269,6
13272,6
13275,6
13278,6
13281,6
13284,6
13287,6
13290,6
13293,6
13296,6
13299,6
13302,6
13305,6
13308,6
13311,6
13314,6
13317,6
13320,6
13323,6
13326,6
13329,6
13332,6
13335,6
13338,6
13341,6
13344,6
13347,6
13350,6
13353,6
13356,6
13359,6
13362,6
13365,6
13368,6
13371,6
13374,6
13377,6
13380,6
13383,6
13386,6
13389,6
13392,6
13395,6
13398,6
13401,6
13404,6
13407,6
13410,6
13413,6
13416,6
13419,6
13422,6
13425,6
13428,6
13431,6
13434,6
13437,6
13440,6
13443,6
13446,6
13449,6
13452,6
13455,6
13458,7
13461,7
13464,7
13467,7
13470,7
13473,7
13476,7
13479,7
13482,7
13485,7
13488,7
13491,7
13494,7
13497,7
13500,7
13503,7
13506,8
13509,8
13512,8
13515,8
13518,8
13521,8
13524,8
13527,8
13530,8
13533,8
13536,8
13539,8
13542,8
13545,8
13548,8
13551,8
13554,8
13557,8
13560,8
13563,8
13566,8
13569,8
13572,8
13575,8
13578,9
13581,9
13584,9
13587,9
13590,9
13593,9
13596,9
13599,8
13602,8
13605,8
13608,8
13611,8
13614,8
13617,9
13620,9
13623,9
13626,9
13629,9
13632,9
13635,9
13638,9
13641,9
13644,9
13647,10
13650,10
13653,10
13656,10
13659,10
13662,10
13665,10
13668,10
13671,10
13674,10
13677,10
13680,10
13683,10
13686,9
13689,10
13692,10
13695,10
13698,10
13701,10
13704,10
13707,11
13710,11
13713,11
13716,11
13719,11
13722,11
13725,11
13728,11
13731,11
13734,11
13737,11
13740,11
13743,11
13746,11
13749,11
13752,11
13755,11
13758,11
13761,11
13764,11
13767,11
13770,11
13773,11
13776,11
13779,11
13782,11
13785,11
13788,11
13791,11
13794,11
13797,11
13800,11
13803,11
13806,11
13809,11
13812,11
13815,11
13818,11
13821,11
13824,11
13827,11
13830,11
13833,11
13836,11
13839,10
13842,10
13845,10
13848,10
13851,10
13854,10
13857,10
13860,10
13863,10
13866,10
13869,10
13872,10
13875,10
13878,10
13881,10
13884,10
13887,10
13890,10
13893,10
13896,10
13899,10
13902,10
13905,10
13908,10
13911,10
13914,10
13917,10
13920,10
13923,10
13926,10
13929,10
13932,10
13935,10
13938,10
13941,10
13944,10
13947,10
13950,10
13953,10
13956,10
13959,10
13962,10
13965,10
13968,10
13971,10
13974,10
13977,10
13980,10
13983,10
13986,10
13989,10
13992,10
13995,10
13998,10
14001,10
14004,10
14007,10
14010,10
14013,11
14016,11
14019,11
14022,11
14025,11
14028,11
14031,11
14034,11
14037,11
14040,11
14043,11
14046,11
14049,11
14052,11
14055,11
14058,11
14061,11
14064,11
14067,11
14070,11
14073,11
14076,12
14079,12
14082,12
14085,12
14088,12
14091,12
14094,12
14097,12
14100,12
14103,12
14106,12
14109,12
14112,13
14115,13
14118,13
14121,13
14124,13
14127,13
14130,13
14133,13
14136,13
14139,13
14142,13
14145,13
14148,13
14151,13
14154,13
14157,13
14160,13
14163,13
14166,13
14169,13
14172,13
14175,13
14178,13
14181,13
14184,13
14187,13
14190,13
14193,13
14196,13
14199,13
14202,13
14205,13
14208,13
14211,13
14214,13
14217,13
14220,13
14223,13
14226,13
14229,13
14232,13
14235,13
14238,13
14241,13
14244,13
14247,13
14250,13
14253,13
14256,13
14259,13
14262,13
14265,13
14268,13
14271,13
14274,13
14277,13
14280,13
14283,13
14286,13
14289,13
14292,13
14295,13
14298,13
14301,13
14304,13
14307,13
14310,13
14313,13
14316,13
14319,13
14322,13
14325,13
14328,13
14331,13
14334,13
14337,13
14340,13
14343,13
14346,13
14349,13
14352,13
14355,13
14358,13
14361,13
14364,13
14367,13
14370,13
14373,13
14376,13
14379,13
14382,13
14385,13
14388,13
14391,13
14394,13
14397,13
14400,13
14403,13
14406,13
14409,13
14412,13
14415,13
14418,14
14421,14
14424,14
14427,14
14430,14
14433,14
14436,14
14439,14
14442,14
14445,14
14448,14
14451,14
14454,14
14457,14
14460,14
14463,14
14466,14
14469,14
14472,14
14475,14
14478,14
14481,14
14484,14
14487,14
14490,14
14493,14
14496,14
14499,14
14502,14
14505,14
14508,14
14511,14
14514,14
14517,14
14520,14
14523,14
14526,14
14529,14
14532,14
14535,14
14538,14
14541,14
14544,14
14547,14
14550,14
14553,14
14556,14
14559,14
14562,14
14565,14
14568,14
14571,14
14574,14
14577,14
14580,14
14583,14
14586,14
14589,14
14592,14
14595,14
14598,14
14601,14
14604,14
14607,14
14610,14
14613,14
14616,14
14619,14
14622,14
14625,14
14628,14
14631,14
14634,14
14637,14
14640,14
14643,14
14646,14
14649,14
14652,14
14655,14
14658,14
14661,14
14664,14
14667,14
14670,14
14673,14
14676,14
14679,14
14682,14
14685,14
14688,14
14691,14
14694,14
14697,14
14700,14
14703,14
14706,14
14709,14
14712,14
14715,14
14718,14
14721,14
14724,14
14727,14
14730,14
14733,14
14736,14
14739,14
14742,14
14745,14
14748,14
14751,14
14754,14
14757,14
14760,14
14763,14
14766,14
14769,14
14772,14
14775,14
14778,14
14781,14
14784,14
14787,14
14790,14
14793,14
14796,14
14799,14
14802,14
14805,14
14808,14
14811,14
14814,14
14817,14
14820,13
14823,13
14826,13
14829,13
14832,13
14835,13
14838,13
14841,13
14844,13
14847,13
14850,13
14853,13
14856,13
14859,13
14862,13
14865,13
14868,13
14871,13
14874,13
14877,13
14880,13
14883,13
14886,13
14889,13
14892,13
14895,13
14898,13
14901,13
14904,13
14907,13
14910,13
14913,13
14916,13
14919,13
14922,13
14925,13
14928,13
14931,13
14934,13
14937,13
14940,13
14943,13
14946,13
14949,13
14952,13
14955,13
14958,13
14961,13
14964,13
14967,13
14970,13
14973,13
14976,13
14979,13
14982,13
14985,13
14988,13
14991,13
14994,13
14997,13
15000,13
15003,13
15006,13
15009,13
15012,13
15015,13
15018,13
15021,13
15024,13
15027,13
15030,13
15033,13
15036,13
15039,13
15042,13
15045,13
15048,13
15051,13
15054,13
15057,13
15060,13
15063,13
15066,13
15069,13
15072,13
15075,13
15078,13
15081,13
15084,13
15087,14
15090,14
15093,14
15096,14
15099,14
15102,14
15105,14
15108,14
15111,14
15114,14
15117,14
15120,14
15123,14
15126,14
15129,14
15132,14
15135,14
15138,14
15141,14
15144,14
15147,14
15150,14
15153,14
15156,14
15159,14
15162,14
15165,14
15168,14
15171,14
15174,14
15177,14
15180,14
15183,14
15186,14
15189,14
15192,14
15195,14
15198,14
15201,14
15204,14
15207,14
15210,14
15213,14
15216,14
15219,14
15222,14
15225,14
15228,14
15231,14
15234,14
15237,14
15240,14
15243,14
15246,14
15249,14
15252,14
15255,14
15258,14
15261,14
15264,14
15267,14
15270,14
15273,14
15276,14
15279,14
15282,14
15285,14
15288,14
15291,14
15294,14
15297,14
15300,14
15303,14
15306,14
15309,14
15312,14
15315,14
15318,14
15321,14
15324,14
15327,14
15330,14
15333,14
15336,14
15339,14
15342,14
15345,14
15348,14
15351,14
15354,14
15357,14
15360,14
15363,14
15366,14
15369,14
15372,14
15375,14
15378,14
15381,14
15384,14
15387,14
15390,14
15393,14
15396,14
15399,14
15402,14
15405,14
15408,14
15411,14
15414,14
15417,14
15420,14
15423,14
15426,14
15429,14
15432,14
15435,14
15438,14
15441,14
15444,14
15447,14
15450,14
15453,14
15456,14
15459,14
15462,14
15465,14
15468,14
15471,14
15474,14
15477,14
15480,14
15483,14
15486,14
15489,14
15492,14
15495,13
15498,13
15501,13
15504,13
15507,13
15510,13
15513,13
15516,13
15519,13
15522,13
15525,13
15528,13
15531,13
15534,13
15537,13
15540,13
15543,13
15546,13
15549,13
15552,13
15555,13
15558,13
15561,13
15564,13
15567,13
15570,13
15573,13
15576,13
15579,13
15582,13
15585,13
15588,13
15591,13
15594,13
15597,13
15600,13
15603,13
15606,13
15609,13
15612,13
15615,13
15618,13
15621,13
15624,13
15627,13
15630,13
15633,13
15636,13
15639,13
15642,13
15645,13
15648,13
15651,13
15654,13
15657,13
15660,13
15663,13
15666,13
15669,13
15672,13
15675,13
15678,13
15681,13
15684,13
15687,13
15690,13
15693,13
15696,13
15699,13
15702,13
15705,13
15708,13
15711,13
15714,13
15717,13
15720,13
15723,13
15726,13
15729,13
15732,13
15735,13
15738,13
15741,13
15744,13
15747,13
15750,13
15753,13
15756,13
15759,13
15762,13
15765,13
15768,13
15771,13
15774,13
15777,13
15780,13
15783,13
15786,13
15789,13
15792,13
15795,13
15798,13
15801,13
15804,13
15807,13
15810,13
15813,13
15816,13
15819,13
15822,13
15825,13
15828,13
15831,13
15834,13
15837,13
15840,13
15843,13
15846,13
15849,13
15852,13
15855,13
15858,13
15861,13
15864,13
15867,13
15870,13
15873,13
15876,13
15879,13
15882,13
15885,13
15888,13
15891,13
15894,13
15897,14
15900,14
15903,14
15906,14
15909,14
15912,14
15915,14
15918,14
15921,14
15924,14
15927,14
15930,14
15933,14
15936,14
15939,14
15942,14
15945,14
15948,14
15951,14
15954,14
15957,14
15960,14
15963,14
15966,14
15969,14
15972,14
15975,14
15978,14
15981,14
15984,14
15987,14
15990,14
15993,14
15996,14
15999,14
16002,14
16005,14
16008,14
16011,14
16014,14
16017,14
16020,14
16023,14
16026,14
16029,14
16032,14
16035,14
16038,14
16041,14
16044,14
16047,14
16050,14
16053,14
16056,14
16059,14
16062,14
16065,14
16068,14
16071,14
16074,14
16077,14
16080,14
16083,14
16086,14
16089,14
16092,14
16095,14
16098,14
16101,14
16104,14
16107,14
16110,14
16113,14
16116,14
16119,14
16122,14
16125,14
16128,14
16131,14
16134,14
16137,14
16140,14
16143,14
16146,14
16149,14
16152,14
16155,14
16158,14
16161,14
16164,14
16167,14
16170,14
16173,14
16176,14
16179,14
16182,14
16185,14
16188,14
16191,14
16194,14
16197,14
16200,14
16203,14
16206,14
16209,14
16212,14
16215,14
16218,14
16221,14
16224,14
16227,14
16230,14
16233,14
16236,14
16239,14
16242,14
16245,14
16248,14
16251,14
16254,14
16257,14
16260,14
16263,14
16266,14
16269,14
16272,14
16275,14
16278,14
16281,14
16284,14
16287,14
16290,14
16293,14
16296,14
16299,14
16302,14
16305,14
16308,14
16311,14
16314,14
16317,14
16320,14
16323,14
16326,14
16329,14
16332,14
16335,14
16338,14
16341,14
16344,14
16347,14
16350,14
16353,14
16356,14
16359,14
16362,14
16365,14
16368,14
16371,14
16374,14
16377,14
16380,14
16383,14
16386,14
16389,14
16392,14
16395,14
16398,14
16401,14
16404,14
16407,14
16410,14
16413,14
16416,14
16419,14
16422,14
16425,14
16428,14
16431,14
16434,14
16437,14
16440,14
16443,14
16446,14
16449,13
16452,13
16455,13
16458,13
16461,13
16464,13
16467,13
16470,13
16473,13
16476,13
16479,13
16482,13
16485,13
16488,13
16491,13
16494,13
16497,13
16500,13
16503,13
16506,13
16509,13
16512,13
16515,13
16518,13
16521,13
16524,13
16527,13
16530,13
16533,13
16536,13
16539,13
16542,13
16545,13
16548,13
16551,13
16554,13
16557,13
16560,13
16563,13
16566,13
16569,13
16572,13
16575,13
16578,13
16581,13
16584,13
16587,13
16590,13
16593,13
16596,13
16599,13
16602,13
16605,13
16608,13
16611,13
16614,13
16617,13
16620,13
16623,13
16626,13
16629,13
16632,13
16635,13
16638,13
16641,13
16644,13
16647,13
16650,13
16653,13
16656,13
16659,13
16662,13
16665,13
16668,13
16671,14
16674,14
16677,14
16680,14
16683,14
16686,14
16689,14
16692,14
16695,14
16698,14
16701,14
16704,14
16707,14
16710,14
16713,14
16716,14
16719,14
16722,14
16725,14
16728,14
16731,14
16734,14
16737,14
16740,14
16743,14
16746,14
16749,14
16752,14
16755,14
16758,14
16761,14
16764,14
16767,14
16770,14
16773,14
16776,14
16779,14
16782,14
16785,14
16788,14
16791,14
16794,14
16797,14
16800,14
16803,14
16806,14
16809,14
16812,14
16815,14
16818,14
16821,14
16824,14
16827,14
16830,14
16833,14
16836,14
16839,14
16842,14
16845,14
16848,14
16851,14
16854,14
16857,14
16860,14
16863,14
16866,14
16869,14
16872,14
16875,14
16878,14
16881,14
16884,14
16887,14
16890,14
16893,14
16896,15
16899,15
16902,15
16905,15
16908,15
16911,15
16914,15
16917,15
16920,15
16923,15
16926,15
16929,15
16932,15
16935,15
16938,15
16941,15
16944,15
16947,15
16950,15
16953,15
16956,15
16959,15
16962,15
16965,15
16968,15
16971,15
16974,15
16977,15
16980,15
16983,15
16986,15
16989,15
16992,15
16995,15
16998,15
17001,15
17004,15
17007,15
17010,15
17013,15
17016,15
17019,15
17022,15
17025,15
17028,15
17031,15
17034,15
17037,15
17040,15
17043,15
17046,15
17049,15
17052,15
17055,15
17058,15
17061,15
17064,15
17067,16
17070,16
17073,16
17076,16
17079,16
17082,16
17085,16
17088,16
17091,16
17094,16
17097,16
17100,17
17103,17
17106,17
17109,17
17112,17
17115,17
17118,17
17121,17
17124,17
17127,17
17130,17
17133,17
17136,17
17139,17
17142,17
17145,17
17148,17
17151,17
17154,17
17157,17
17160,17
17163,17
17166,17
17169,17
17172,17
17175,17
17178,17
17181,17
17184,17
17187,17
17190,17
17193,17
17196,17
17199,17
17202,17
17205,17
17208,17
17211,17
17214,17
17217,17
17220,17
17223,17
17226,17
17229,17
17232,16
17235,16
17238,16
17241,16
17244,16
17247,16
17250,16
17253,16
17256,16
17259,16
17262,16
17265,16
17268,16
17271,16
17274,16
17277,16
17280,16
17283,16
17286,16
17289,16
17292,16
17295,16
17298,16
17301,17
17304,17
17307,17
17310,17
17313,17
17316,16
17319,16
17322,16
17325,16
17328,16
17331,16
17334,16
17337,16
17340,16
17343,16
17346,16
17349,16
17352,16
17355,17
17358,17
17361,17
17364,17
17367,18
17370,18
17373,18
17376,18
17379,18
17382,18
17385,18
17388,18
17391,18
17394,18
17397,18
17400,18
17403,18
17406,18
17409,18
17412,18
17415,18
17418,18
17421,18
17424,18
17427,18
17430,18
17433,18
17436,18
17439,18
17442,18
17445,19
17448,19
17451,19
17454,19
17457,19
17460,19
17463,19
17466,19
17469,19
17472,19
17475,19
17478,19
17481,20
17484,20
17487,20
17490,20
17493,20
17496,20
17499,20
17502,20
17505,20
17508,20
17511,21
17514,21
17517,21
17520,21
17523,21
17526,21
17529,21
17532,21
17535,21
17538,21
17541,21
17544,21
17547,21
17550,21
17553,21
17556,21
17559,21
17562,21
17565,21
17568,22
17571,22
17574,22
17577,22
17580,22
17583,22
17586,21
17589,21
17592,21
17595,21
17598,22
17601,22
17604,22
17607,22
17610,22
17613,22
17616,22
17619,22
17622,22
17625,22
17628,22
17631,22
17634,22
17637,22
17640,22
17643,22
17646,22
17649,22
17652,22
17655,22
17658,22
17661,22
17664,22
17667,22
17670,22
17673,22
17676,22
17679,22
17682,22
17685,22
17688,22
17691,22
17694,22
17697,22
17700,22
17703,22
17706,23
17709,23
17712,22
17715,22
17718,22
17721,22
17724,22
17727,22
17730,22
17733,22
17736,22
17739,22
17742,22
17745,22
17748,22
17751,23
17754,23
17757,23
17760,23
17763,23
17766,23
17769,23
17772,23
17775,23
17778,23
17781,23
17784,23
17787,23
17790,24
17793,24
17796,24
17799,24
17802,24
17805,24
17808,24
17811,24
17814,24
17817,24
17820,24
17823,24
17826,24
17829,24
17832,23
17835,23
17838,23
17841,23
17844,23
17847,23
17850,23
17853,23
17856,23
17859,23
17862,23
17865,23
17868,23
17871,22
17874,22
17877,22
17880,22
17883,22
17886,22
17889,22
17892,22
17895,22
17898,22
17901,22
17904,22
17907,22
17910,22
17913,22
17916,22
17919,22
17922,22
17925,22
17928,22
17931,21
17934,21
17937,21
17940,21
17943,21
17946,21
17949,21
17952,21
17955,21
17958,21
17961,21
17964,21
17967,21
17970,21
17973,21
17976,21
17979,21
17982,21
17985,21
17988,20
17991,20
17994,20
17997,20
18000,20
18003,20
18006,20
18009,20
18012,20
18015,20
18018,19
18021,19
18024,19
18027,19
18030,19
18033,19
18036,19
18039,19
18042,19
18045,19
18048,18
18051,18
18054,18
18057,18
18060,18
18063,18
18066,18
18069,18
18072,17
18075,17
18078,17
18081,17
18084,17
18087,17
18090,17
18093,17
18096,17
18099,16
18102,16
18105,16
18108,16
18111,16
18114,16
18117,16
18120,16
18123,16
18126,16
18129,16
18132,16
18135,16
18138,16
18141,16
18144,16
18147,16
18150,16
18153,16
18156,16
18159,16
18162,16
18165,16
18168,16
18171,16
18174,16
18177,16
18180,16
18183,16
18186,16
18189,16
18192,16
18195,16
18198,16
18201,15
18204,15
18207,15
18210,15
18213,15
18216,15
18219,15
18222,15
18225,15
18228,16
18231,16
18234,16
18237,16
18240,16
18243,16
18246,16
18249,16
18252,17
18255,17
18258,17
18261,17
18264,17
18267,17
18270,17
18273,17
18276,17
18279,17
18282,17
18285,17
18288,17
18291,17
18294,17
18297,17
18300,17
18303,17
18306,17
18309,17
18312,17
18315,17
18318,17
18321,17
18324,17
18327,18
18330,18
18333,18
18336,17
18339,17
18342,17
18345,17
18348,17
18351,17
18354,17
18357,17
18360,17
18363,17
18366,18
18369,18
18372,18
18375,18
18378,18
18381,18
18384,18
18387,18
18390,18
18393,18
18396,18
18399,18
18402,18
18405,18
18408,18
18411,18
18414,18
18417,18
18420,18
18423,18
18426,18
18429,18
18432,18
18435,18
18438,18
18441,18
18444,18
18447,18
18450,18
18453,18
18456,18
18459,18
18462,18
18465,18
18468,18
18471,18
18474,18
18477,18
18480,18
18483,18
18486,18
18489,18
18492,18
18495,18
18498,18
18501,18
18504,18
18507,18
18510,18
18513,18
18516,18
18519,18
18522,18
18525,18
18528,18
18531,18
18534,18
18537,18
18540,18
18543,18
18546,18
18549,18
18552,18
18555,18
18558,18
18561,18
18564,18
18567,18
18570,17
18573,17
18576,17
18579,17
18582,17
18585,17
18588,17
18591,17
18594,18
18597,18
18600,18
18603,18
18606,18
18609,18
18612,18
18615,18
18618,18
18621,18
18624,18
18627,18
18630,18
18633,18
18636,18
18639,18
18642,18
18645,18
18648,18
18651,18
18654,18
18657,18
18660,18
18663,18
18666,18
18669,18
18672,18
18675,18
18678,18
18681,18
18684,18
18687,18
18690,18
18693,18
18696,18
18699,18
18702,18
18705,18
18708,18
18711,18
18714,18
18717,18
18720,18
18723,18
18726,18
18729,18
18732,18
18735,18
18738,18
18741,18
18744,18
18747,18
18750,18
18753,18
18756,18
18759,18
18762,18
18765,18
18768,18
18771,18
18774,18
18777,17
18780,17
18783,17
18786,17
18789,17
18792,17
18795,17
18798,17
18801,17
18804,17
18807,17
18810,17
18813,17
18816,18
18819,18
18822,18
18825,18
18828,18
18831,18
18834,18
18837,18
18840,18
18843,18
18846,18
18849,18
18852,18
18855,18
18858,18
18861,18
18864,18
18867,18
18870,18
18873,18
18876,18
18879,18
18882,18
18885,18
18888,18
18891,18
18894,18
18897,18
18900,18
18903,18
18906,18
18909,18
18912,18
18915,18
18918,18
18921,18
18924,18
18927,18
18930,18
18933,18
18936,18
18939,18
18942,18
18945,17
18948,17
18951,17
18954,18
18957,18
18960,18
18963,18
18966,18
18969,18
18972,18
18975,18
18978,18
18981,18
18984,18
18987,18
18990,18
18993,18
18996,18
18999,18
19002,18
19005,18
19008,18
19011,18
19014,18
19017,18
19020,19
19023,19
19026,19
19029,19
19032,19
19035,19
19038,19
19041,19
19044,19
19047,19
19050,19
19053,19
19056,19
19059,19
19062,19
19065,19
19068,19
19071,19
19074,19
19077,19
19080,19
19083,19
19086,19
19089,19
19092,19
19095,19
19098,19
19101,19
19104,19
19107,19
19110,19
19113,19
19116,19
19119,19
19122,19
19125,19
19128,19
19131,18
19134,18
19137,18
19140,18
19143,18
19146,18
19149,18
19152,18
19155,18
19158,18
19161,18
19164,18
19167,18
19170,18
19173,18
19176,18
19179,18
19182,18
19185,18
19188,18
19191,18
19194,18
19197,18
19200,18
19203,18
19206,19
19209,19
19212,19
19215,19
19218,19
19221,19
19224,19
19227,19
19230,19
19233,19
19236,19
19239,19
19242,19
19245,19
19248,19
19251,18
19254,18
19257,18
19260,18
19263,18
19266,18
19269,18
19272,18
19275,18
19278,18
19281,18
19284,18
19287,18
19290,18
19293,18
19296,18
19299,18
19302,18
19305,18
19308,18
19311,18
19314,18
19317,18
19320,18
19323,18
19326,18
19329,18
19332,18
19335,18
19338,18
19341,18
19344,18
19347,18
19350,18
19353,18
19356,18
19359,18
19362,18
19365,18
19368,18
19371,18
19374,18
19377,18
19380,18
19383,18
19386,18
19389,18
19392,18
19395,18
19398,18
19401,18
19404,18
19407,18
19410,18
19413,18
19416,18
19419,18
19422,18
19425,18
19428,18
19431,18
19434,18
19437,18
19440,18
19443,18
19446,18
19449,18
19452,18
19455,18
19458,18
19461,18
19464,18
19467,18
19470,18
19473,18
19476,18
19479,18
19482,18
19485,18
19488,18
19491,18
19494,18
19497,18
19500,18
19503,18
19506,18
19509,18
19512,18
19515,18
19518,18
19521,18
19524,18
19527,18
19530,18
19533,18
19536,18
19539,18
19542,18
19545,18
19548,18
19551,18
19554,18
19557,18
19560,18
19563,18
19566,18
19569,17
19572,17
19575,17
19578,17
19581,17
19584,17
19587,17
19590,17
19593,17
19596,17
19599,17
19602,17
19605,17
19608,17
19611,17
19614,17
19617,17
19620,17
19623,17
19626,17
19629,17
19632,17
19635,17
19638,17
19641,17
19644,17
19647,17
19650,16
19653,17
19656,17
19659,17
19662,17
19665,17
19668,17
19671,18
19674,18
19677,18
19680,18
19683,18
19686,18
19689,18
19692,18
19695,18
19698,18
19701,18
19704,19
19707,19
19710,19
19713,19
19716,19
19719,19
19722,19
19725,19
19728,19
19731,19
19734,19
19737,19
19740,19
19743,19
19746,19
19749,19
19752,19
19755,19
19758,19
19761,19
19764,19
19767,19
19770,19
19773,18
19776,18
19779,18
19782,18
19785,18
19788,18
19791,18
19794,18
19797,18
19800,18
19803,18
19806,18
19809,18
19812,18
19815,18
19818,18
19821,18
19824,18
19827,18
19830,18
19833,18
19836,18
19839,18
19842,18
19845,18
19848,17
19851,17
19854,17
19857,17
19860,17
19863,17
19866,17
19869,17
19872,17
19875,17
19878,17
19881,17
19884,17
19887,17
19890,17
19893,17
19896,17
19899,17
19902,17
19905,17
19908,17
19911,17
19914,17
19917,18
19920,18
19923,18
19926,18
19929,18
19932,18
19935,18
19938,18
19941,18
19944,18
19947,18
19950,18
19953,18
19956,18
19959,18
19962,18
19965,18
19968,18
19971,17
19974,17
19977,17
19980,17
19983,17
19986,17
19989,17
19992,17
19995,17
19998,17
20001,17
20004,17
20007,17
20010,17
20013,17
20016,17
20019,17
20022,17
20025,17
20028,17
20031,17
20034,17
20037,17
20040,17
20043,17
20046,17
20049,17
20052,17
20055,17
20058,17
20061,17
20064,18
20067,18
20070,17
20073,17
20076,17
20079,17
20082,17
20085,17
20088,17
20091,17
20094,18
20097,18
20100,18
20103,18
20106,18
20109,18
20112,18
20115,18
20118,18
20121,18
20124,18
20127,18
20130,18
20133,18
20136,18
20139,18
20142,18
20145,18
20148,18
20151,18
20154,18
20157,18
20160,18
20163,18
20166,18
20169,18
20172,18
20175,18
20178,18
20181,18
20184,19
20187,19
20190,19
20193,19
20196,19
20199,19
20202,19
20205,18
20208,18
20211,18
20214,18
20217,19
20220,19
20223,19
20226,19
20229,19
20232,19
20235,19
20238,20
20241,20
20244,20
20247,20
20250,20
20253,20
20256,20
20259,20
20262,20
20265,20
20268,19
20271,19
20274,19
20277,19
20280,19
20283,19
20286,19
20289,19
20292,19
20295,19
20298,19
20301,19
20304,19
20307,19
20310,20
20313,20
20316,20
20319,20
20322,20
20325,20
20328,20
20331,20
20334,20
20337,20
20340,20
20343,20
20346,20
20349,20
20352,20
20355,20
20358,20
20361,20
20364,20
20367,20
20370,20
20373,20
20376,20
20379,21
20382,21
20385,21
20388,21
20391,21
20394,21
20397,21
20400,21
20403,20
20406,20
20409,20
20412,20
20415,20
20418,20
20421,20
20424,21
20427,21
20430,21
20433,21
20436,21
20439,21
20442,21
20445,21
20448,21
20451,21
20454,21
20457,21
20460,21
20463,21
20466,21
20469,21
20472,20
20475,20
20478,20
20481,20
20484,20
20487,19
20490,19
20493,19
20496,19
20499,19
20502,19
20505,19
20508,19
20511,19
20514,19
20517,19
20520,19
20523,19
20526,19
20529,18
20532,18
20535,18
20538,18
20541,18
20544,18
20547,18
20550,18
20553,18
20556,18
20559,18
20562,18
20565,18
20568,18
20571,18
20574,18
20577,18
20580,18
20583,18
20586,18
20589,18
20592,18
20595,17
20598,17
20601,17
20604,17
20607,17
20610,17
20613,17
20616,17
20619,17
20622,17
20625,17
20628,17
20631,17
20634,17
20637,17
20640,17
20643,18
20646,17
20649,17
20652,17
20655,16
20658,16
20661,16
20664,16
20667,16
20670,16
20673,16
20676,16
20679,16
20682,16
20685,16
20688,16
20691,16
20694,16
20697,16
20700,16
20703,15
20706,15
20709,15
20712,15
20715,15
20718,15
20721,15
20724,16
20727,16
20730,16
20733,16
20736,16
20739,16
20742,16
20745,16
20748,16
20751,16
20754,16
20757,16
20760,16
20763,16
20766,16
20769,16
20772,16
20775,16
20778,16
20781,16
20784,16
20787,16
20790,16
20793,16
20796,16
20799,16
20802,16
20805,16
20808,16
20811,16
20814,16
20817,16
20820,16
20823,16
20826,16
20829,16
20832,16
20835,16
20838,16
20841,16
20844,16
20847,16
20850,16
20853,16
20856,16
20859,16
20862,16
20865,16
20868,16
20871,16
20874,16
20877,16
20880,16
20883,16
20886,16
20889,17
20892,17
20895,17
20898,17
20901,17
20904,16
20907,16
20910,16
20913,16
20916,16
20919,16
20922,16
20925,16
20928,16
20931,16
20934,16
20937,16
20940,16
20943,16
20946,16
20949,16
20952,16
20955,16
20958,16
20961,16
20964,16
20967,16
20970,17
20973,17
20976,17
20979,17
20982,17
20985,17
20988,17
20991,17
20994,17
20997,17
21000,17
21003,17
21006,17
21009,17
21012,17
21015,17
21018,17
21021,17
21024,17
21027,17
21030,17
21033,17
21036,17
21039,17
21042,17
21045,17
21048,17
21051,17
21054,17
21057,17
21060,17
21063,17
21066,17
21069,17
21072,17
21075,17
21078,17
21081,17
21084,17
21087,18
21090,18
21093,18
21096,19
21099,18
21102,18
21105,18
21108,18
21111,18
21114,18
21117,18
21120,18
21123,19
21126,19
21129,19
21132,19
21135,19
21138,19
21141,19
21144,19
21147,19
21150,19
21153,19
21156,20
21159,20
21162,20
21165,20
21168,20
21171,20
21174,20
21177,20
21180,20
21183,20
21186,20
21189,20
21192,20
21195,20
21198,20
21201,20
21204,21
21207,21
21210,21
21213,21
21216,22
21219,22
21222,22
21225,22
21228,22
21231,22
21234,22
21237,22
21240,22
21243,21
21246,21
21249,21
21252,21
21255,21
21258,21
21261,21
21264,21
21267,21
21270,21
21273,21
21276,21
21279,21
21282,21
21285,21
21288,21
21291,21
21294,21
21297,21
21300,21
21303,21
21306,21
21309,21
21312,21
21315,21
21318,21
21321,21
21324,21
21327,21
21330,20
21333,20
21336,20
21339,20
21342,20
21345,20
21348,20
21351,20
21354,20
21357,20
21360,20
21363,20
21366,20
21369,20
21372,20
21375,20
21378,20
21381,20
21384,20
21387,20
21390,20
21393,20
21396,20
21399,20
21402,20
21405,20
21408,20
21411,19
21414,19
21417,19
21420,19
21423,19
21426,19
21429,19
21432,19
21435,19
21438,19
21441,19
21444,19
21447,19
21450,19
21453,19
21456,19
21459,19
21462,20
21465,20
21468,20
21471,20
21474,20
21477,20
21480,20
21483,20
21486,20
21489,20
21492,20
21495,20
21498,20
21501,20
21504,20
21507,20
21510,20
21513,20
21516,20
21519,20
21522,20
21525,20
21528,20
21531,20
21534,20
21537,20
21540,20
21543,20
21546,20
21549,20
21552,20
21555,20
21558,20
21561,20
21564,20
21567,20
21570,20
21573,20
21576,20
21579,20
21582,20
21585,20
21588,20
21591,20
21594,20
21597,20
21600,20
21603,20
21606,20
21609,20
21612,20
21615,20
21618,20
21621,20
21624,20
21627,20
21630,20
21633,20
21636,20
21639,20
21642,20
21645,20
21648,21
21651,21
21654,21
21657,21
21660,21
21663,21
21666,21
21669,21
21672,21
21675,21
21678,21
21681,21
21684,22
21687,22
21690,22
21693,22
21696,22
21699,22
21702,22
21705,22
21708,22
21711,22
21714,22
21717,22
21720,23
21723,23
21726,23
21729,23
21732,23
21735,23
21738,23
21741,23
21744,23
21747,23
21750,23
21753,23
21756,23
21759,23
21762,24
21765,24
21768,24
21771,24
21774,24
21777,24
21780,24
21783,24
21786,24
21789,24
21792,24
21795,24
21798,24
21801,24
21804,24
21807,24
21810,24
21813,24
21816,24
21819,24
21822,24
21825,24
21828,24
21831,24
21834,24
21837,24
21840,24
21843,24
21846,24
21849,24
21852,24
21855,24
21858,24
21861,23
21864,24
21867,24
21870,24
21873,24
21876,24
21879,24
21882,24
21885,24
21888,24
21891,24
21894,24
21897,24
21900,24
21903,24
21906,24
21909,24
21912,24
21915,24
21918,24
21921,24
21924,24
21927,24
21930,24
21933,24
21936,24
21939,24
21942,24
21945,24
21948,24
21951,24
21954,24
21957,24
21960,24
21963,24
21966,24
21969,24
21972,24
21975,24
21978,24
21981,24
21984,24
21987,23
21990,23
21993,23
21996,23
21999,23
22002,23
22005,23
22008,23
22011,23
22014,23
22017,23
22020,24
22023,24
22026,24
22029,24
22032,24
22035,24
22038,23
22041,23
22044,23
22047,23
22050,23
22053,23
22056,23
22059,23
22062,23
22065,23
22068,23
22071,23
22074,23
22077,23
22080,23
22083,23
22086,23
22089,23
22092,23
22095,23
22098,23
22101,23
22104,23
22107,23
22110,23
22113,23
22116,23
22119,23
22122,23
22125,23
22128,23
22131,23
22134,23
22137,23
22140,22
22143,22
22146,22
22149,22
22152,22
22155,22
22158,22
22161,22
22164,22
22167,22
22170,22
22173,22
22176,22
22179,22
22182,22
22185,22
22188,22
22191,22
22194,22
22197,22
22200,22
22203,22
22206,22
22209,22
22212,22
22215,22
22218,22
22221,22
22224,22
22227,22
22230,22
22233,22
22236,22
22239,22
22242,22
22245,22
22248,22
22251,22
22254,22
22257,22
22260,22
22263,22
22266,22
22269,22
22272,22
22275,22
22278,22
22281,22
22284,22
22287,22
22290,22
22293,22
22296,22
22299,22
22302,22
22305,22
22308,22
22311,22
22314,22
22317,22
22320,22
22323,22
22326,22
22329,22
22332,22
22335,22
22338,22
22341,22
22344,22
22347,22
22350,22
22353,22
22356,22
22359,22
22362,22
22365,22
22368,22
22371,22
22374,22
22377,22
22380,22
22383,22
22386,22
22389,22
22392,22
22395,22
22398,22
22401,22
22404,22
22407,22
22410,23
22413,23
22416,23
22419,23
22422,23
22425,23
22428,23
22431,23
22434,23
22437,23
22440,23
22443,23
22446,23
22449,23
22452,23
22455,23
22458,23
22461,23
22464,23
22467,23
22470,23
22473,23
22476,23
22479,23
22482,23
22485,23
22488,23
22491,23
22494,23
22497,23
22500,23
22503,23
22506,23
22509,23
22512,23
22515,23
22518,23
22521,23
22524,23
22527,23
22530,23
22533,23
22536,23
22539,23
22542,23
22545,23
22548,23
22551,23
22554,23
22557,22
22560,22
22563,22
22566,22
22569,22
22572,22
22575,22
22578,22
22581,22
22584,22
22587,22
22590,22
22593,22
22596,22
22599,22
22602,22
22605,22
22608,22
22611,22
22614,22
22617,22
22620,22
22623,22
22626,22
22629,22
22632,22
22635,22
22638,22
22641,22
22644,22
22647,22
22650,22
22653,22
22656,22
22659,22
22662,22
22665,22
22668,22
22671,22
22674,22
22677,22
22680,22
22683,22
22686,22
22689,22
22692,22
22695,22
22698,22
22701,22
22704,22
22707,21
22710,21
22713,21
22716,21
22719,21
22722,21
22725,21
22728,21
22731,21
22734,21
22737,21
22740,21
22743,21
22746,21
22749,21
22752,21
22755,21
22758,21
22761,21
22764,21
22767,21
22770,21
22773,21
22776,21
22779,21
22782,21
22785,21
22788,21
22791,21
22794,21
22797,20
22800,20
22803,20
22806,20
22809,20
22812,20
22815,20
22818,20
22821,20
22824,20
22827,20
22830,20
22833,19
22836,20
22839,20
22842,20
22845,20
22848,19
22851,19
22854,19
22857,19
22860,19
22863,19
22866,19
22869,19
22872,19
22875,19
22878,19
22881,19
22884,19
22887,19
22890,19
22893,19
22896,19
22899,19
22902,19
22905,19
22908,19
22911,19
22914,19
22917,19
22920,19
22923,19
22926,19
22929,19
22932,19
22935,19
22938,19
22941,18
22944,18
22947,18
22950,18
22953,18
22956,18
22959,18
22962,18
22965,18
22968,18
22971,18
22974,18
22977,18
22980,18
22983,18
22986,18
22989,18
22992,18
22995,18
22998,18
23001,18
23004,18
23007,18
23010,18
23013,18
23016,18
23019,18
23022,18
23025,18
23028,18
23031,18
23034,18
23037,19
23040,19
23043,19
23046,19
23049,19
23052,19
23055,18
23058,18
23061,18
23064,18
23067,18
23070,18
23073,18
23076,18
23079,18
23082,18
23085,18
23088,18
23091,18
23094,18
23097,18
23100,17
23103,17
23106,17
23109,17
23112,17
23115,17
23118,17
23121,17
23124,17
23127,17
23130,17
23133,17
23136,17
23139,17
23142,17
23145,17
23148,17
23151,17
23154,17
23157,17
23160,17
23163,17
23166,17
23169,17
23172,17
23175,17
23178,17
23181,17
23184,17
23187,17
23190,17
23193,17
23196,17
23199,17
23202,17
23205,17
23208,17
23211,17
23214,17
23217,17
23220,17
23223,17
23226,17
23229,17
23232,17
23235,17
23238,17
23241,17
23244,17
23247,17
23250,17
23253,17
23256,17
23259,17
23262,17
23265,17
23268,17
23271,17
23274,17
23277,17
23280,17
23283,17
23286,17
23289,17
23292,17
23295,17
23298,17
23301,17
23304,17
23307,17
23310,17
23313,17
23316,17
23319,17
23322,17
23325,17
23328,17
23331,17
23334,17
23337,17
23340,17
23343,17
23346,17
23349,17
23352,17
23355,17
23358,17
23361,17
23364,17
23367,17
23370,17
23373,17
23376,17
23379,17
23382,17
23385,17
23388,17
23391,17
23394,17
23397,17
23400,17
23403,17
23406,17
23409,17
23412,17
23415,17
23418,17
23421,17
23424,17
23427,17
23430,17
23433,17
23436,17
23439,17
23442,17
23445,17
23448,17
23451,17
23454,17
23457,17
23460,17
23463,17
23466,17
23469,17
23472,17
23475,17
23478,17
23481,17
23484,17
23487,17
23490,17
23493,17
23496,17
23499,17
23502,17
23505,17
23508,17
23511,17
23514,18
23517,18
23520,18
23523,18
23526,18
23529,18
23532,18
23535,18
23538,18
23541,18
23544,18
23547,18
23550,18
23553,18
23556,18
23559,18
23562,18
23565,18
23568,18
23571,18
23574,18
23577,18
23580,18
23583,18
23586,18
23589,18
23592,18
23595,18
23598,18
23601,18
23604,18
23607,18
23610,18
23613,18
23616,18
23619,18
23622,18
23625,19
23628,19
23631,19
23634,19
23637,19
23640,19
23643,19
23646,19
23649,19
23652,19
23655,19
23658,19
23661,19
23664,19
23667,19
23670,19
23673,19
23676,19
23679,19
23682,19
23685,19
23688,19
23691,19
23694,19
23697,19
23700,19
23703,19
23706,19
23709,19
23712,19
23715,19
23718,19
23721,19
23724,19
23727,19
23730,19
23733,19
23736,19
23739,19
23742,19
23745,19
23748,19
23751,19
23754,19
23757,19
23760,19
23763,19
23766,19
23769,19
23772,19
23775,19
23778,19
23781,19
23784,19
23787,19
23790,19
23793,19
23796,18
23799,18
23802,18
23805,18
23808,18
23811,18
23814,18
23817,18
23820,18
23823,18
23826,18
23829,18
23832,18
23835,18
23838,18
23841,18
23844,18
23847,17
23850,17
23853,17
23856,16
23859,16
23862,16
23865,16
23868,16
23871,16
23874,16
23877,15
23880,15
23883,15
23886,15
23889,15
23892,15
23895,15
23898,15
23901,15
23904,15
23907,15
23910,15
23913,15
23916,15
23919,15
23922,14
23925,14
23928,14
23931,14
23934,14
23937,14
23940,14
23943,14
23946,14
23949,14
23952,14
23955,14
23958,14
23961,14
23964,14
23967,14
23970,14
23973,14
23976,13
23979,13
23982,13
23985,13
23988,13
23991,13
23994,13
23997,13
24000,13
24003,13
24006,13
24009,13
24012,13
24015,13
24018,13
24021,13
24024,13
24027,13
24030,13
24033,13
24036,13
24039,14
24042,14
24045,14
24048,14
24051,14
24054,14
24057,14
24060,14
24063,14
24066,14
24069,14
24072,14
24075,14
24078,14
24081,14
24084,14
24087,14
24090,14
24093,14
24096,13
24099,13
24102,13
24105,13
24108,13
24111,13
24114,13
24117,13
24120,13
24123,13
24126,13
24129,13
24132,13
24135,13
24138,13
24141,13
24144,13
24147,13
24150,13
24153,13
24156,13
24159,13
24162,13
24165,13
24168,13
24171,13
24174,13
24177,13
24180,13
24183,13
24186,13
24189,13
24192,13
24195,13
24198,13
24201,13
24204,13
24207,13
24210,13
24213,13
24216,13
24219,13
24222,13
24225,13
24228,13
24231,13
24234,13
24237,13
24240,13
24243,13
24246,13
24249,13
24252,13
24255,13
24258,13
24261,13
24264,13
24267,13
24270,13
24273,13
24276,13
24279,13
24282,13
24285,13
24288,13
24291,13
24294,13
24297,13
24300,13
24303,13
24306,13
24309,13
24312,13
24315,13
24318,13
24321,13
24324,13
24327,13
24330,13
24333,13
24336,13
24339,13
24342,13
24345,12
24348,12
24351,12
24354,12
24357,12
24360,12
24363,12
24366,12
24369,12
24372,12
24375,12
24378,12
24381,11
24384,11
24387,11
24390,11
24393,11
24396,11
24399,11
24402,11
24405,11
24408,11
24411,11
24414,11
24417,11
24420,11
24423,11
24426,11
24429,11
24432,11
24435,11
24438,11
24441,12
24444,12
24447,12
24450,12
24453,12
24456,12
24459,12
24462,12
24465,12
24468,12
24471,12
24474,12
24477,12
24480,12
24483,12
24486,12
24489,12
24492,12
24495,12
24498,12
24501,12
24504,12
24507,12
24510,12
24513,12
24516,12
24519,12
24522,12
24525,12
24528,12
24531,12
24534,12
24537,12
24540,12
24543,12
24546,12
24549,12
24552,12
24555,12
24558,12
24561,12
24564,12
24567,12
24570,12
24573,12
24576,12
24579,12
24582,12
24585,12
24588,12
24591,12
24594,12
24597,12
24600,12
24603,12
24606,12
24609,12
24612,13
24615,13
24618,13
24621,13
24624,13
24627,13
24630,13
24633,13
24636,13
24639,13
24642,13
24645,13
24648,13
24651,13
24654,13
24657,13
24660,13
24663,13
24666,13
24669,13
24672,13
24675,13
24678,13
24681,13
24684,13
24687,13
24690,13
24693,13
24696,13
24699,13
24702,13
24705,13
24708,13
24711,13
24714,13
24717,13
24720,13
24723,13
24726,13
24729,13
24732,13
24735,13
24738,13
24741,13
24744,13
24747,13
24750,13
24753,13
24756,13
24759,13
24762,13
24765,13
24768,13
24771,13
24774,13
24777,13
24780,13
24783,13
24786,13
24789,13
24792,13
24795,13
24798,13
24801,13
24804,13
24807,13
24810,13
24813,13
24816,13
24819,13
24822,13
24825,13
24828,13
24831,13
24834,13
24837,13
24840,13
24843,13
24846,13
24849,13
24852,13
24855,13
24858,13
24861,13
24864,13
24867,13
24870,13
24873,13
24876,13
24879,13
24882,13
24885,13
24888,13
24891,13
24894,13
24897,13
24900,13
24903,13
24906,13
24909,13
24912,13
24915,13
24918,13
24921,13
24924,13
